{
  "total": 5,
  "scored": 5,
  "avg_score": 0.5559745371341706,
  "system_score": 0.5559745371341706,
  "metric": "bertscore"
}