{
  "total": 5,
  "scored": 5,
  "avg_score": 0.6440131664276123,
  "system_score": 0.6440131664276123,
  "metric": "bertscore"
}